{
  "wl_nm": [
    1096.0155108391486,
    1233.0174496940422,
    1370.0193885489357,
    1507.0213274038294,
    1644.023266258723,
    1781.0252051136167,
    1918.0271439685105,
    2055.0290828234038,
    2192.0310216782973
  ],
  "cross_frac": [
    0.030916229813559227,
    0.12313904528640342,
    0.6110892282023008,
    0.9895816905961946,
    0.0015645749798236083,
    0.0020254246122614282,
    0.0019602448105218834,
    0.002354772683424015,
    0.09894010228977876
  ],
  "through_frac": [
    0.9690837701864408,
    0.8768609547135965,
    0.38891077179769923,
    0.010418309403805373,
    0.9984354250201763,
    0.9979745753877385,
    0.9980397551894781,
    0.997645227316576,
    0.9010598977102212
  ],
  "total_transmission": [
    0.9999441346603517,
    0.9993642877685525,
    0.9958990520163482,
    0.9934587797569742,
    0.9998415073596798,
    0.9997915916180454,
    0.9997269484210006,
    0.9994068980994217,
    0.9920827850461347
  ]
}