{
  "wl_nm": [
    1096.0155108391486,
    1233.0174496940422,
    1370.0193885489357,
    1507.0213274038294,
    1644.023266258723,
    1781.0252051136167,
    1918.0271439685105,
    2055.0290828234038,
    2192.0310216782973
  ],
  "cross_frac": [
    0.03468111045452506,
    0.17570229264863713,
    0.7746601449888071,
    0.9982822107644702,
    0.001082829215188996,
    0.0013849551812979675,
    0.0012866967995979407,
    0.001277082011996384,
    0.09658300949489396
  ],
  "through_frac": [
    0.965318889545475,
    0.8242977073513629,
    0.225339855011193,
    0.0017177892355298553,
    0.998917170784811,
    0.9986150448187021,
    0.9987133032004021,
    0.9987229179880036,
    0.903416990505106
  ],
  "total_transmission": [
    0.9999304970712561,
    0.9989664446066208,
    0.9945445486339002,
    0.993598612932901,
    0.9998388446979856,
    0.9997843642652655,
    0.9997245660177512,
    0.9994037472030015,
    0.9920679183250987
  ]
}