paper_300um_cross_pct_1550,designer_200um_cross_pct_1550
68.54522895901144,67.96323242849309
