{
  "wavelength_um": [
    0.8,
    0.86875,
    0.9375,
    1.00625,
    1.0750000000000002,
    1.14375,
    1.2125000000000001,
    1.28125,
    1.35
  ],
  "t_short": [
    2.01945965401155e-08,
    8.475450080902063e-07,
    7.373281498211753e-06,
    2.2424915807404542e-05,
    7.260547647421798e-05,
    0.0002870089282748037,
    7.317000493831168e-07,
    1.8916789990674236e-07,
    6.944307334149764e-06
  ],
  "t_long": [
    0.9931984078608852,
    0.9823904529933343,
    0.9759393328812384,
    0.9783603151625031,
    0.9756443359491025,
    0.9631044170971366,
    0.9057900403677893,
    0.8954770986198184,
    0.918231215516439
  ]
}