{
  "metrics": {
    "fiber": {
      "tidy3d": {
        "neff": 1.3950487290103253,
        "group_index": 1.460816901313493,
        "dispersion_D_ps_nm_km": -75.89698377906798,
        "beta2_s2_per_m": 9.680267130811301e-26,
        "effective_area_um2": 4.504189600591542,
        "te_fraction": 0.45658240522677335
      },
      "mpb": {
        "neff": 1.3952964289278067,
        "group_index": 1.4580767498219425,
        "dispersion_D_ps_nm_km": 1482.2021990050487,
        "beta2_s2_per_m": -1.89047212600851e-24,
        "effective_area_um2": 4.671941236286246,
        "te_fraction": 0.4991409451994892
      }
    },
    "si3n4": {
      "tidy3d": {
        "neff": 1.830016038501246,
        "group_index": 2.082280200500982,
        "dispersion_D_ps_nm_km": 128.31804901409697,
        "beta2_s2_per_m": -1.6366302457774033e-25,
        "effective_area_um2": 1.064316475432218,
        "te_fraction": 0.9983358323861024
      },
      "mpb": {
        "neff": 1.83125785280364,
        "group_index": 2.0770906360916914,
        "dispersion_D_ps_nm_km": 137.07038364691553,
        "beta2_s2_per_m": -1.7482617402654646e-25,
        "effective_area_um2": 1.0939666691596015,
        "te_fraction": 0.9983662577000935
      }
    },
    "tfln": {
      "tidy3d": {
        "neff": 1.882358476746409,
        "group_index": 2.3074416040097283,
        "dispersion_D_ps_nm_km": -668.0052783302731,
        "beta2_s2_per_m": 8.52006129499499e-25,
        "effective_area_um2": 0.7122969625865018,
        "te_fraction": 0.989737105338305
      },
      "mpb": {
        "neff": 1.8691698781601498,
        "group_index": 2.2965796508137717,
        "dispersion_D_ps_nm_km": -681.3538164278573,
        "beta2_s2_per_m": 8.69031498381953e-25,
        "effective_area_um2": 0.7113672865012639,
        "te_fraction": 0.9913065652193249
      }
    }
  },
  "convergence": {
    "fiber": {
      "tidy3d": {
        "0.6": [
          {
            "res": 0.1,
            "n_grid": 2704,
            "neff": 1.4366807585643462,
            "runtime_s": 0.14966277400003491
          },
          {
            "res": 0.07,
            "n_grid": 5476,
            "neff": 1.4366869228222208,
            "runtime_s": 0.264730881000105
          },
          {
            "res": 0.05,
            "n_grid": 10816,
            "neff": 1.4366936301319644,
            "runtime_s": 1.0352223180000237
          }
        ],
        "1.0": [
          {
            "res": 0.1,
            "n_grid": 2704,
            "neff": 1.419745358597894,
            "runtime_s": 0.13778552300004776
          },
          {
            "res": 0.07,
            "n_grid": 5476,
            "neff": 1.419739489333353,
            "runtime_s": 0.2689241300000731
          },
          {
            "res": 0.05,
            "n_grid": 10816,
            "neff": 1.419742104121661,
            "runtime_s": 0.7293546700000206
          }
        ],
        "1.55": [
          {
            "res": 0.1,
            "n_grid": 2704,
            "neff": 1.3950701439267468,
            "runtime_s": 0.1527291630000036
          },
          {
            "res": 0.07,
            "n_grid": 5476,
            "neff": 1.3950498221352314,
            "runtime_s": 0.26444555599994146
          },
          {
            "res": 0.05,
            "n_grid": 10816,
            "neff": 1.3950468986786657,
            "runtime_s": 0.7084386450000011
          }
        ]
      },
      "mpb": {
        "0.6": [
          {
            "res": 0.1,
            "n_grid": 2704,
            "neff": 1.4365850962682496,
            "runtime_s": 15.362324658000034
          },
          {
            "res": 0.07,
            "n_grid": 5476,
            "neff": 1.4365887946841784,
            "runtime_s": 28.99214829699997
          },
          {
            "res": 0.05,
            "n_grid": 10816,
            "neff": 1.4366495882665078,
            "runtime_s": 53.396217428
          }
        ],
        "1.0": [
          {
            "res": 0.1,
            "n_grid": 2704,
            "neff": 1.4197194204440742,
            "runtime_s": 16.96380240499991
          },
          {
            "res": 0.07,
            "n_grid": 5476,
            "neff": 1.419621545983619,
            "runtime_s": 28.959156569000015
          },
          {
            "res": 0.05,
            "n_grid": 10816,
            "neff": 1.4196937752600147,
            "runtime_s": 53.66231526799993
          }
        ],
        "1.55": [
          {
            "res": 0.1,
            "n_grid": 2704,
            "neff": 1.3954569375657628,
            "runtime_s": 15.124888340999973
          },
          {
            "res": 0.07,
            "n_grid": 5476,
            "neff": 1.3952695052608914,
            "runtime_s": 29.17388595500006
          },
          {
            "res": 0.05,
            "n_grid": 10816,
            "neff": 1.39531180453887,
            "runtime_s": 45.33107372200004
          }
        ]
      }
    },
    "si3n4": {
      "tidy3d": {
        "0.6": [
          {
            "res": 0.1,
            "n_grid": 1584,
            "neff": 1.959656616518583,
            "runtime_s": 0.06785552500002723
          },
          {
            "res": 0.07,
            "n_grid": 3213,
            "neff": 1.9608652866777367,
            "runtime_s": 0.11879732599993531
          },
          {
            "res": 0.05,
            "n_grid": 6336,
            "neff": 1.9607293779814912,
            "runtime_s": 0.2701898999999912
          }
        ],
        "1.0": [
          {
            "res": 0.1,
            "n_grid": 1584,
            "neff": 1.910192572261979,
            "runtime_s": 0.06297087699999793
          },
          {
            "res": 0.07,
            "n_grid": 3213,
            "neff": 1.9120469990668498,
            "runtime_s": 0.12324927600002411
          },
          {
            "res": 0.05,
            "n_grid": 6336,
            "neff": 1.9118290614927862,
            "runtime_s": 0.23514637099992797
          }
        ],
        "1.55": [
          {
            "res": 0.1,
            "n_grid": 1584,
            "neff": 1.8262405345084458,
            "runtime_s": 0.06449685599989152
          },
          {
            "res": 0.07,
            "n_grid": 3213,
            "neff": 1.8282733912202096,
            "runtime_s": 0.11317199300003722
          },
          {
            "res": 0.05,
            "n_grid": 6336,
            "neff": 1.8280300486901886,
            "runtime_s": 0.2837118109999892
          }
        ]
      },
      "mpb": {
        "0.6": [
          {
            "res": 0.1,
            "n_grid": 1584,
            "neff": 1.955582312425752,
            "runtime_s": 8.405086582999957
          },
          {
            "res": 0.07,
            "n_grid": 3213,
            "neff": 1.9591898801376335,
            "runtime_s": 17.24500570700002
          },
          {
            "res": 0.05,
            "n_grid": 6336,
            "neff": 1.9600612999748475,
            "runtime_s": 32.52179795100017
          }
        ],
        "1.0": [
          {
            "res": 0.1,
            "n_grid": 1584,
            "neff": 1.9043530855474453,
            "runtime_s": 5.767470717999913
          },
          {
            "res": 0.07,
            "n_grid": 3213,
            "neff": 1.9095827586375238,
            "runtime_s": 11.450911073000043
          },
          {
            "res": 0.05,
            "n_grid": 6336,
            "neff": 1.9110603414952951,
            "runtime_s": 22.357328700999915
          }
        ],
        "1.55": [
          {
            "res": 0.1,
            "n_grid": 1584,
            "neff": 1.819392734570222,
            "runtime_s": 8.408358958999997
          },
          {
            "res": 0.07,
            "n_grid": 3213,
            "neff": 1.8254420542355336,