{
  "wavelength_um": [
    1.3,
    1.3875,
    1.475,
    1.5625,
    1.65,
    1.7375,
    1.825,
    1.9125,
    2.0
  ],
  "t_short": [
    6.556258009488545e-14,
    1.0399665284661364e-11,
    0.00027343701055363963,
    1.070788817843738e-05,
    0.0016852196518441205,
    0.0014420701560268726,
    0.002954048415464981,
    1.660646425919368e-05,
    3.640411002161456e-06
  ],
  "t_long": [
    0.588354182776909,
    0.6329726714255701,
    0.7796988191479212,
    0.8425478611462749,
    0.8913190428982012,
    0.9335886561186498,
    0.970377050582098,
    0.9716120089332692,
    0.9639369590035499
  ]
}