{
  "wavelength_um": [
    0.8,
    0.86875,
    0.9375,
    1.00625,
    1.0750000000000002,
    1.14375,
    1.2125000000000001,
    1.28125,
    1.35
  ],
  "t_short": [
    0.701482942076513,
    3.171043853987227e-05,
    6.609490289782663e-06,
    2.485081421601039e-05,
    0.00012974559361773438,
    0.0007496829092073871,
    0.00261092483000921,
    0.0011998936484054344,
    0.0012213693442693642
  ],
  "t_long": [
    3.5165708838948855e-07,
    0.4069588282008676,
    0.870925956678893,
    0.8937876692932657,
    0.8731423726526117,
    0.7484293315903687,
    0.6582787085600873,
    0.8208150798136984,
    0.803666901628402
  ]
}