{
  "length_ii_um": [
    30.0,
    97.5,
    165.0,
    232.5,
    300.0
  ],
  "bar": [
    0.6716430412752975,
    0.5179938348218645,
    0.34535298397666253,
    0.3097672619550008,
    0.234026731559367
  ],
  "cross": [
    0.15561494978040968,
    0.18897922970589717,
    0.26379361423378755,
    0.21580986894856138,
    0.22879817696448512
  ]
}