{
  "z_um": [
    0.0,
    28.429832895004555,
    58.57535577904576,
    90.83421250834004,
    125.00671127715404,
    159.40240203799596,
    191.48271757936573,
    218.9157851411273,
    240.60805175002272,
    257.33424922163397,
    270.17973189610825,
    280.1122012837873,
    288.0745674510321,
    294.57774430866795,
    300.0
  ],
  "w1_um": [
    0.1,
    0.1392857142857143,
    0.1785714285714286,
    0.2178571428571429,
    0.2571428571428572,
    0.2964285714285715,
    0.33571428571428574,
    0.375,
    0.41428571428571437,
    0.4535714285714286,
    0.4928571428571429,
    0.5321428571428573,
    0.5714285714285715,
    0.6107142857142858,
    0.65
  ]
}