{
  "w1_um": [
    0.1,
    0.1392857142857143,
    0.1785714285714286,
    0.2178571428571429,
    0.2571428571428572,
    0.2964285714285715,
    0.33571428571428574,
    0.375,
    0.41428571428571437,
    0.4535714285714286,
    0.4928571428571429,
    0.5321428571428573,
    0.5714285714285715,
    0.6107142857142858,
    0.65
  ],
  "neff1": [
    1.755160287156824,
    1.7553519322051336,
    1.7554327073309004,
    1.7556232792348705,
    1.7557715701424779,
    1.755933730492135,
    1.7561078762890194,
    1.756278548117142,
    1.7564584324366528,
    1.7566465624150986,
    1.7569033904205835,
    1.7571763467453818,
    1.757298797668176,
    1.7576358504945706,
    1.757975512882474
  ],
  "neff2": [
    1.6891942235126174,
    1.6899500747653118,
    1.6908749000557008,
    1.691924665728787,
    1.693527965734266,
    1.6957604970489433,
    1.6982329299728385,
    1.7015890519468868,
    1.705481124347289,
    1.7092466019999208,
    1.7136509292010333,
    1.717884335934222,
    1.7216873043142669,
    1.7258420885120258,
    1.7296757033314054
  ],
  "neff3": [
    1.680002089131099,
    1.6809951650129231,
    1.6822141242167912,
    1.683567068524812,
    1.6853690490439746,
    1.6874772279290955,
    1.68949610585695,
    1.6918920117912744,
    1.694437907528771,
    1.696723643532485,
    1.6993069554163271,
    1.7017966204071675,
    1.7038870577659344,
    1.7062229672539813,
    1.7084396695435458
  ],
  "neff4": [
    1.679218562596783,
    1.6799336098678446,
    1.6807934934634297,
    1.681768873063746,
    1.6831003629080064,
    1.6847502076925518,
    1.686422550794444,
    1.6885061577616767,
    1.690812350262735,
    1.6929710064803614,
    1.6954682378581798,
    1.6979134142728274,
    1.7000637321297618,
    1.7025405544670598,
    1.7049503781101956
  ]
}