{
  "wavelength_nm": [
    1450.0,
    1474.9999999999998,
    1500.0,
    1525.0,
    1549.9999999999998,
    1575.0,
    1599.9999999999998,
    1625.0,
    1650.0
  ],
  "eta_te": [
    0.8315940376280059,
    0.8324061579774408,
    0.8321565676251668,
    0.8310318784879585,
    0.8291824678602485,
    0.8267292043976683,
    0.8237705310176281,
    0.8203874608243621,
    0.8166472200579828
  ],
  "eta_tm": [
    0.8288374394819142,
    0.8261307315022949,
    0.8227175483876058,
    0.8187103882766412,
    0.8142069764195203,
    0.809291403354908,
    0.804038502083736,
    0.7985154080543799,
    0.7927824620671592
  ]
}