{
  "eta_te_1550": 0.8291824678602167,
  "eta_tm_1550": 0.8142069764194347,
  "eta_te_min": 0.8166472200579828,
  "eta_tm_min": 0.7927824620671592,
  "y_1db_um": 3.0,
  "z_1db_um": 3.0
}