eta_te_1550,eta_tm_1550,eta_te_min,eta_tm_min,y_1db_um,z_1db_um
0.8291824678602167,0.8142069764194347,0.8166472200579828,0.7927824620671592,3.0,3.0
