{
  "wavelength_um": [
    0.8,
    0.86875,
    0.9375,
    1.00625,
    1.0750000000000002,
    1.14375,
    1.2125000000000001,
    1.28125,
    1.35
  ],
  "t_short": [
    9.278434838360439e-07,
    1.0848734878709167e-05,
    5.654012732044395e-05,
    5.027768566347631e-05,
    0.00017439207983773172,
    0.0004683132816246423,
    0.0006398063149114856,
    0.0010672076105203245,
    1.485207291504489e-05
  ],
  "t_long": [
    0.9950432296891581,
    0.9899520592132001,
    0.9839293090133691,
    0.9923530715727139,
    0.9884303955278517,
    0.9833373404838249,
    0.9815840890363507,
    0.9751010152275029,
    0.9605898461057802
  ]
}