{
  "wl_nm": [
    1096.0155108391486,
    1233.0174496940422,
    1370.0193885489357,
    1507.0213274038294,
    1644.023266258723,
    1781.0252051136167,
    1918.0271439685105,
    2055.0290828234038,
    2192.0310216782973
  ],
  "te_frac": [
    0.00046506877612045947,
    0.00010970232985379788,
    0.8092507495057913,
    0.9142921261353341,
    0.02038920292520098,
    0.1591434306815611,
    0.09260027661267457,
    0.007281996561966468,
    0.0075502856810700505
  ],
  "tm_frac": [
    0.9995349312238795,
    0.9998902976701463,
    0.19074925049420868,
    0.08570787386466597,
    0.979610797074799,
    0.8408565693184389,
    0.9073997233873254,
    0.9927180034380335,
    0.9924497143189299
  ],
  "total_transmission": [
    0.99930445430871,
    0.9988796611480124,
    0.998932603487273,
    0.9989769434352546,
    0.9988330293355531,
    0.9990092545666585,
    0.9979810953707029,
    0.9974276841587859,
    0.9972636378871095
  ]
}