paper_300nm_conversion_pct_1550,designer_500nm_conversion_pct_1550
98.92873917331676,63.38671818569941
