{
  "paper_300nm_conversion_pct_1550": 98.92873917331676,
  "designer_500nm_conversion_pct_1550": 63.38671818569941
}