{
  "wavelength_um": [
    0.6200000000000001,
    0.7750000000000001,
    0.93,
    1.085,
    1.24,
    1.395,
    1.5499999999999998,
    1.7049999999999998,
    1.8599999999999999
  ],
  "bar": [
    0.015783276842314158,
    0.027641223158109976,
    0.018737652155818182,
    0.0033267647998849233,
    0.001871139068811539,
    0.008865122727410298,
    0.0004491055923819171,
    0.19511577344943187,
    0.2260320997360571
  ],
  "cross": [
    2.810615895749416e-05,
    0.004643516502905609,
    0.025502259133550247,
    0.06218636444143252,
    0.10346048079160661,
    0.1558114080211741,
    0.23832172545346036,
    0.14789864582022896,
    0.23662357664030606
  ]
}