{
  "wavelength_um": [
    0.6200000000000001,
    0.7750000000000001,
    0.93,
    1.085,
    1.24,
    1.395,
    1.5499999999999998,
    1.7049999999999998,
    1.8599999999999999
  ],
  "bar": [
    0.02399075751468276,
    0.014549203480896885,
    0.007352174872527445,
    0.0005001198783405035,
    0.0038872965973052865,
    0.01498945547389332,
    0.14607996821566355,
    0.0022260785780830483,
    0.21340765035462944
  ],
  "cross": [
    0.0010405327082349891,
    0.01005357555357907,
    0.020166690872182903,
    0.033599291985346405,
    0.04787700932155517,
    0.06534599072869914,
    0.012870357245176128,
    0.14528943907459685,
    0.05395719569475864
  ]
}