{
  "dw_out_nm": [
    0.0,
    5.0,
    10.0,
    15.0,
    20.0,
    25.0,
    30.0,
    35.0,
    40.0,
    45.0,
    50.0
  ],
  "sr_upper": [
    0.5000000000000001,
    0.7733738647804371,
    0.859833327457472,
    0.9036947908240195,
    0.9221995770240313,
    0.9307948051127107,
    0.9324715547870651,
    0.9410102414646431,
    0.9438282740762781,
    0.9444429053698536,
    0.9424359047598864
  ]
}