wl_nm,sr_at_0,sr_at_max_dwout
1310.0,0.5000000000000001,0.9424359047598864
