{
  "wl_nm": 1310.0,
  "sr_at_0": 0.5000000000000001,
  "sr_at_max_dwout": 0.9424359047598864
}