{
  "wavelength_um": [
    0.8,
    0.86875,
    0.9375,
    1.00625,
    1.0750000000000002,
    1.14375,
    1.2125000000000001,
    1.28125,
    1.35
  ],
  "t_short": [
    0.11149405227897885,
    0.22545315729505766,
    0.3657975891063529,
    0.5289308707933483,
    0.6692954058940529,
    0.7595290328721848,
    0.8120459429636185,
    0.8384785667452945,
    0.9886980746987388
  ],
  "t_long": [
    0.7132161512273212,
    0.5294549771869292,
    0.3972665774113142,
    0.2790653022403353,
    0.1887967252329257,
    0.13482355383545327,
    0.10740280793483967,
    0.10213637927382431,
    3.448714706227105e-05
  ]
}