{
  "wavelength_um": [
    1.3,
    1.3875,
    1.475,
    1.5625,
    1.65,
    1.7375,
    1.825,
    1.9125,
    2.0
  ],
  "t_short": [
    3.4999703250320935e-15,
    2.356621452376848e-12,
    3.0117455398690396e-10,
    1.1323888347759561e-07,
    3.1039150833510344e-06,
    2.634852139545349e-05,
    0.00010256929311069392,
    0.0006524782096867342,
    6.5075908068761625e-06
  ],
  "t_long": [
    0.6459124067311628,
    0.7322015925155214,
    0.7814546686238336,
    0.8480649057836348,
    0.8834653520735993,
    0.913505106110711,
    0.9184152136127832,
    0.8945868665039696,
    0.930514007072707
  ]
}