{
  "paper_te_db_1550": -0.5461872803009898,
  "paper_tm_db_1550": -0.4332945163636214,
  "designer_te_db_1550": -0.3929931087524902,
  "designer_tm_db_1550": -0.16828627260385923
}